Student Name,Marks Obtained,Max Marks,Test Date
Alex Mercer,19,25,2026-09-25
Brenda Smith,24,25,2026-09-25
Charlie Davis,11,25,2026-09-25
David Evans,22,25,2026-09-25
Emily Clark,9,25,2026-09-25
Fiona White,18,25,2026-09-25
George Wilson,25,25,2026-09-25
Hannah Martin,14,25,2026-09-25
Ian Thomas,20,25,2026-09-25
Jessica Hall,8,25,2026-09-25
Kevin Adams,16,25,2026-09-25
Laura Nelson,23,25,2026-09-25
Michael Carter,17,25,2026-09-25
Nina Patel,21,25,2026-09-25
Oscar Garcia,10,25,2026-09-25
Paula Reed,19,25,2026-09-25
Quinn Ross,24,25,2026-09-25
Rachel Cox,15,25,2026-09-25
Sam Bailey,7,25,2026-09-25
Tina Diaz,22,25,2026-09-25
Umar Khan,18,25,2026-09-25
Victoria Stone,25,25,2026-09-25
William Scott,12,25,2026-09-25
Xavier Miller,19,25,2026-09-25
Yvonne Green,23,25,2026-09-25
Zachary King,16,25,2026-09-25
Aiden Young,14,25,2026-09-25
Chloe Perez,21,25,2026-09-25
Dylan Wright,8,25,2026-09-25
Ella Foster,20,25,2026-09-25
Felix Ramirez,18,25,2026-09-25
Grace Torres,24,25,2026-09-25
Henry Jenkins,13,25,2026-09-25
Isla Perry,22,25,2026-09-25
Jack Russell,17,25,2026-09-25
Kylie Simmons,19,25,2026-09-25
